-- AppMatch - Seed Data
-- 04_seed.sql
-- Dados de teste para profiles, interests, user_interests e profile_intentions

-- =========================
-- 1) Profiles
-- =========================
INSERT INTO public.profiles (id, name, birth_date, gender)
VALUES
  ('11111111-1111-1111-1111-111111111111', 'Alice', '1990-05-12', 'F'),
  ('22222222-2222-2222-2222-222222222222', 'Bob', '1988-08-23', 'M'),
  ('33333333-3333-3333-3333-333333333333', 'Carol', '1995-11-03', 'F'),
  ('44444444-4444-4444-4444-444444444444', 'David', '1992-02-17', 'M');

-- =========================
-- 2) Interests
-- =========================
INSERT INTO public.interests (id, name, category, interest_type, base_weight)
VALUES
  ('a1111111-1111-1111-1111-111111111111', 'Praia', 'Lazer', 'comum', 10),
  ('b2222222-2222-2222-2222-222222222222', 'Viagem', 'Lazer', 'comum', 10),
  ('c3333333-3333-3333-3333-333333333333', 'Tecnologia', 'Profissional', 'comum', 10),
  ('d4444444-4444-4444-4444-444444444444', 'Culinária', 'Gastronomia', 'comum', 10);

-- =========================
-- 3) User Interests
-- =========================
INSERT INTO public.user_interests (user_id, interest_id)
VALUES
  ('11111111-1111-1111-1111-111111111111', 'a1111111-1111-1111-1111-111111111111'),
  ('11111111-1111-1111-1111-111111111111', 'b2222222-2222-2222-2222-222222222222'),
  ('22222222-2222-2222-2222-222222222222', 'b2222222-2222-2222-2222-222222222222'),
  ('22222222-2222-2222-2222-222222222222', 'c3333333-3333-3333-3333-333333333333'),
  ('33333333-3333-3333-3333-333333333333', 'a1111111-1111-1111-1111-111111111111'),
  ('33333333-3333-3333-3333-333333333333', 'd4444444-4444-4444-4444-444444444444'),
  ('44444444-4444-4444-4444-444444444444', 'c3333333-3333-3333-3333-333333333333'),
  ('44444444-4444-4444-4444-444444444444', 'd4444444-4444-4444-4444-444444444444');

-- =========================
-- 4) Profile Intentions
-- =========================
INSERT INTO public.profile_intentions (profile_id, intention, emotional_openness, interaction_rhythm)
VALUES
  ('11111111-1111-1111-1111-111111111111', 'amizade', 'aberto', 'moderado'),
  ('22222222-2222-2222-2222-222222222222', 'explorar', 'equilibrado', 'intenso'),
  ('33333333-3333-3333-3333-333333333333', 'relacionamento_serio', 'reservado', 'lento'),
  ('44444444-4444-4444-4444-444444444444', 'casual', 'aberto', 'moderado');
